魔咒下的拉丁美洲：暗杀政变入侵,2019年1月26日,http://mp.weixin.qq.com/s?__biz=MzA4OTk1MjA0MA==&mid=2674320176&idx=1&sn=37abcdf6682957e335c6263c87473c39&chksm=8a815977bdf6d061dd93478c428e291364d8962cff7451051134646ef3b45537472426b6d174&scene=123#wechat_redirect
引渡令迟迟未到特鲁多先把驻华大使给炒了,2019年1月27日,http://mp.weixin.qq.com/s?__biz=MzA4OTk1MjA0MA==&mid=2674320186&idx=1&sn=46d1038c529b8a674af2d48593f8d3dc&chksm=8a81597dbdf6d06b5b3d21b7d7fe068cb35f62491fe792a0acaec1752d82ab6224986874eb42&scene=123#wechat_redirect
舆论霸权：以前称她“玫瑰”现在变成“巫婆”,2019年1月28日,http://mp.weixin.qq.com/s?__biz=MzA4OTk1MjA0MA==&mid=2674320203&idx=1&sn=b47647086bd8af74847502572dd2ec5e&chksm=8a81590cbdf6d01aaed6546c5fe7a6a06e6cfd9b46f13d01a5b1c729b50cbab4a4e70093c29d&scene=123#wechat_redirect
不替美国搬运舆论炮弹就是对国家的一份支持,2019年1月29日,http://mp.weixin.qq.com/s?__biz=MzA4OTk1MjA0MA==&mid=2674320211&idx=2&sn=13f190ba8480e469a7203eb8430bd435&chksm=8a815914bdf6d002eff19430091dbb0aa14adf1ffdea9f192472ea2b5905e02f1b529d34f0ac&scene=27#wechat_redirect
委内瑞拉反对派拒绝一切谈判马杜罗为何还不动手？,2019年1月30日,http://mp.weixin.qq.com/s?__biz=MzA4OTk1MjA0MA==&mid=2674320219&idx=1&sn=e5d39c81b7189f8cf3987c70c8cfa760&chksm=8a81591cbdf6d00adf921bde2944c4aa3451cba7bf2f624fe33d0f67613750c5b43dea9b746f&scene=123#wechat_redirect
君权神授特朗普！美粉们又跟不上形势了,2019年1月31日,http://mp.weixin.qq.com/s?__biz=MzA4OTk1MjA0MA==&mid=2674320229&idx=1&sn=6b818d4e9cc763546bd00a94566913a6&chksm=8a815922bdf6d0340f300ea384e6fcacd082f73bdd1b58b748e4c1ea47594d9851fe63087561&scene=123#wechat_redirect
黑社会保护费涨价韩国人光抗议有什么用？,2019年2月1日,http://mp.weixin.qq.com/s?__biz=MzA4OTk1MjA0MA==&mid=2674320238&idx=1&sn=f7be09f9dd881122d0f7b9d5d65b267a&chksm=8a815929bdf6d03f9d5134884ff6048a2baeaaed603981681d0aa4b7882f858f153b1cddda70&scene=123#wechat_redirect
那位被美国总统强吻过的女人有的事该说说了,2019年2月3日,http://mp.weixin.qq.com/s?__biz=MzA4OTk1MjA0MA==&mid=2674320255&idx=1&sn=b1972875c75c202cb8284d93e724cd17&chksm=8a815938bdf6d02e681c68e30ec01a8bbdbc62939235040d1ebecc7f257e58c57e41fad9e884&scene=123#wechat_redirect
英国朋友谈中国人过,2019年2月4日,http://mp.weixin.qq.com/s?__biz=MzA4OTk1MjA0MA==&mid=2674320264&idx=1&sn=d093d024c705005185585b5193102edf&chksm=8a8159cfbdf6d0d93c0253348234dd3a5fd3c80312772bbd41e21c2f2a88b8047c7e1edbfca0&scene=123#wechat_redirect
神出鬼没意大利为何一票否决欧盟关于委内瑞拉声明？,2019年2月5日,http://mp.weixin.qq.com/s?__biz=MzA4OTk1MjA0MA==&mid=2674320275&idx=1&sn=3aeea74e221fe830d462b3774ececd59&chksm=8a8159d4bdf6d0c2cf3dcd950f1077a5a21fb2f63a852b7d75ca7c4d762a60bf6021ba385b94&scene=123#wechat_redirect
北约再收一小弟俄罗斯无能为力,2019年2月6日,http://mp.weixin.qq.com/s?__biz=MzA4OTk1MjA0MA==&mid=2674320283&idx=1&sn=cc197949ed92cd3d286a93f849c6ed8b&chksm=8a8159dcbdf6d0ca633732ce7ac6163fb25022d21f7242aa80b7e296f0e84b515b82c206543b&scene=123#wechat_redirect
看部《流浪地球》压压惊！,2019年2月8日,http://mp.weixin.qq.com/s?__biz=MzA4OTk1MjA0MA==&mid=2674320292&idx=1&sn=b687107084d8b57e9f95d188d3799249&chksm=8a8159e3bdf6d0f542bc9bbd8146cb6ed88f30999e69246bc43d1d4a6f8f716206eb68120298&scene=123#wechat_redirect
希拉里为何跳出来批特朗普退出《中导条约》？,2019年2月9日,http://mp.weixin.qq.com/s?__biz=MzA4OTk1MjA0MA==&mid=2674320300&idx=1&sn=ba60ad7fe41747f432e4bb82fef327b8&chksm=8a8159ebbdf6d0fda00780a0aa412c9137264f323893d7c3b75eba6ef5f937d2b5ae4a0c3d57&scene=123#wechat_redirect
欧洲高铁两巨头联姻失败制造来未来将是大兵团作战,2019年2月10日,http://mp.weixin.qq.com/s?__biz=MzA4OTk1MjA0MA==&mid=2674320308&idx=1&sn=3e3dbf58113ea5ce4f4de6e1fc34c824&chksm=8a8159f3bdf6d0e56fa42d3e41e51c016fa6bd2a943a09ca4e4e27a0a58543109e023c977edd&scene=123#wechat_redirect
《流浪地球》上映后一家精神病院的纪录（小说）,2019年2月11日,http://mp.weixin.qq.com/s?__biz=MzA4OTk1MjA0MA==&mid=2674320315&idx=1&sn=6e771918772865bb34b6f3f6aae3d2a4&chksm=8a8159fcbdf6d0ea9304e9df212ab03c511723192c946eef9794c31626dc7194d45f1f1b1d09&scene=123#wechat_redirect
美国难以启齿的痛：伊朗伊斯兰革命四十周,2019年2月12日,http://mp.weixin.qq.com/s?__biz=MzA4OTk1MjA0MA==&mid=2674320325&idx=1&sn=d823511cb67fd73551f53620ea4ace95&chksm=8a815982bdf6d094c67a59fe86bf24364f58ab8c1a8e0ce4949a0f213a8a72a98c5cdcd96591&scene=123#wechat_redirect
匈牙利外长当面”抗旨“不怕被”民主“老拳报复？,2019年2月13日,http://mp.weixin.qq.com/s?__biz=MzA4OTk1MjA0MA==&mid=2674320335&idx=1&sn=58e2f54a1a2a462d49cf479f4b6d5921&chksm=8a815988bdf6d09eb4dbbc69e512451cb2457c366987405b391132ef620d87005e272ae295a1&scene=123#wechat_redirect
美国号召抵制“华为”贼居然要给欧洲上安全课,2019年2月14日,http://mp.weixin.qq.com/s?__biz=MzA4OTk1MjA0MA==&mid=2674320344&idx=1&sn=d2c8a254d90fcc277f023ff900025367&chksm=8a81599fbdf6d08947e9b236a0b37bb23f92344f6cdff3d3ec4008a802b11aba97ff9b92da58&scene=123#wechat_redirect
煽动仇华情绪柬埔寨带路党从委内瑞拉看到希望了？,2019年2月15日,http://mp.weixin.qq.com/s?__biz=MzA4OTk1MjA0MA==&mid=2674320361&idx=2&sn=e0f1247878149e093d35c777bab501d4&chksm=8a8159aebdf6d0b8d83275ea11c65cec7b4785594b28d34a030cd0cf9877c95940f368a628cb&scene=27#wechat_redirect
BBC制片人承认“白头盔”造假人死却不能复生,2019年2月16日,http://mp.weixin.qq.com/s?__biz=MzA4OTk1MjA0MA==&mid=2674320371&idx=1&sn=b94af364ae14ed188be0cf8c45b76603&chksm=8a8159b4bdf6d0a285dcefc157e718ec1fc456b6b3e07ee572e23e717787ae32a33d551644d1&scene=123#wechat_redirect
体制问题？特朗普宣布进入紧急状态！,2019年2月17日,http://mp.weixin.qq.com/s?__biz=MzA4OTk1MjA0MA==&mid=2674320377&idx=2&sn=dc3c78040c0812521202eaa1662c81a4&chksm=8a8159bebdf6d0a8b9e54ea7834f28d829b9d1ee402db0ff478f959f057f2155a03ded8624de&scene=27#wechat_redirect
德国慕尼黑安全会议全球将重新洗牌？,2019年2月18日,http://mp.weixin.qq.com/s?__biz=MzA4OTk1MjA0MA==&mid=2674320391&idx=1&sn=53d2db0d012917f7a63084a5e34b2840&chksm=8a815e40bdf6d756f10d936f066b30b00e66634138138f238d22a56ed75c561901fb34e6c817&scene=123#wechat_redirect
中越边境战争前传：印支三国风云,2019年2月19日,http://mp.weixin.qq.com/s?__biz=MzA4OTk1MjA0MA==&mid=2674320404&idx=1&sn=892c67b6090b7f056125e1f398faa7d3&chksm=8a815e53bdf6d745d8b1cad7893ea12e185117c4ecb9583df0d685d3bd507ab1b9bc22600cf0&scene=123#wechat_redirect
中越边境战争前传：印支三国风云（二）,2019年2月20日,http://mp.weixin.qq.com/s?__biz=MzA4OTk1MjA0MA==&mid=2674320409&idx=1&sn=a823414067eba7a972fc231604cda51a&chksm=8a815e5ebdf6d7488bb1d510ed79cb4bf98eb36fb9b95328c1a699a8328d53e9ee84b13c4824&scene=123#wechat_redirect
俄白两国一体化一桩可能引发战争的“婚事”,2019年2月21日,http://mp.weixin.qq.com/s?__biz=MzA4OTk1MjA0MA==&mid=2674320420&idx=1&sn=5d9f8b7965a237336fca96bbb8f5f8ac&chksm=8a815e63bdf6d775c0938588555ad6b45162d6123ef44a8725d28004d29ec62e775acfa798e8&scene=123#wechat_redirect
“五眼联盟”各怀鬼胎澳大利亚被盘了！,2019年2月22日,http://mp.weixin.qq.com/s?__biz=MzA4OTk1MjA0MA==&mid=2674320428&idx=2&sn=edc02eae864588ad489dbc86a0b0cce7&chksm=8a815e6bbdf6d77d1d90bb88914d8165c00eaa9cdc82cf028237136418eff0a8ebc4ff8eb887&scene=27#wechat_redirect
越南成了全球焦点可它曾经是美国的恶梦,2019年2月23日,http://mp.weixin.qq.com/s?__biz=MzA4OTk1MjA0MA==&mid=2674320446&idx=1&sn=7e55234c98d3e48bd8c27bcebde92d01&chksm=8a815e79bdf6d76f182e9d9d4b464b024d4e2c484b251065a0675997b3dbb8dd5f969a3a97ca&scene=123#wechat_redirect
美国和瓜伊多感动世界：“困难留给自己荣誉让给别人”,2019年2月24日,http://mp.weixin.qq.com/s?__biz=MzA4OTk1MjA0MA==&mid=2674320465&idx=1&sn=93eb530d3f8f22c27438dce9172eec01&chksm=8a815e16bdf6d7007a82729d2d5c5b2bcaf99646a1be93f81b4ce74434a12c57b6b16a8d05f0&scene=123#wechat_redirect
“台独”要加强对大陆“心战”！阵地就在网络平台,2019年2月25日,http://mp.weixin.qq.com/s?__biz=MzA4OTk1MjA0MA==&mid=2674320479&idx=2&sn=094632e57253ee511ff23b3487fb8153&chksm=8a815e18bdf6d70e52664fc6d6ce4df1cb923be37530d8900ee7da25d4d4e035ad2529acc053&scene=123#wechat_redirect
内容违规已被删除,2019年2月25日,http://mp.weixin.qq.com/s?__biz=MzA4OTk1MjA0MA==&mid=2674320479&idx=1&sn=3e370461f1438ff3ea83c656419fe983&chksm=8a815e18bdf6d70e7ec2573187cadfc0e4ca44a8f9147cb12d4c49a1c4ed673c00fa43ab9a7c&scene=123#wechat_redirect
盲目“民主”会带来什么？波兰亡国是面镜子,2019年2月26日,http://mp.weixin.qq.com/s?__biz=MzA4OTk1MjA0MA==&mid=2674320487&idx=1&sn=1f297209dab5313cfa12321efd92a3a2&chksm=8a815e20bdf6d73609cd9fade8c2d12a41bd8354fca18d5eac0e7409e89e8263f3b08de16151&scene=123#wechat_redirect
印巴冲突再起克什米尔战云密布,2019年2月27日,http://mp.weixin.qq.com/s?__biz=MzA4OTk1MjA0MA==&mid=2674320505&idx=1&sn=b256b1d4ad8c996b30734d6a8d1bac89&chksm=8a815e3ebdf6d72845c46ad13b1828afd86d17c822899376b431d8736bb298a35c3639362a8f&scene=123#wechat_redirect
给印度一个台阶:巴基斯坦同意释放飞行员,2019年2月28日,http://mp.weixin.qq.com/s?__biz=MzA4OTk1MjA0MA==&mid=2674320510&idx=2&sn=fd84f524ec3a1e4c786e914879abe9f1&chksm=8a815e39bdf6d72f421f1920b6c30976e31fea1237a5943818cfde528870ff04a39025933235&scene=27#wechat_redirect
清算“亲日残渣”！韩国三一运动百誓言,2019年3月1日,http://mp.weixin.qq.com/s?__biz=MzA4OTk1MjA0MA==&mid=2674320522&idx=1&sn=36f666105feefa9f38a47cd71b26f70a&chksm=8a815ecdbdf6d7dbd2410a4ca10ce8a09f73df854cb0fb72b37bebbea09bdd2d467d758737a9&scene=123#wechat_redirect
土耳其一个人见人厌的国家这次又来招惹中国,2019年3月2日,http://mp.weixin.qq.com/s?__biz=MzA4OTk1MjA0MA==&mid=2674320527&idx=1&sn=63bc2aec1e8e7c4d6d3e112a2e18238a&chksm=8a815ec8bdf6d7de338274350927203f01b03e1f67b048fe4b0c67ebdeb7124cf1b6457d3521&scene=123#wechat_redirect
英国朋友谈美朝峰会提早结束,2019年3月3日,http://mp.weixin.qq.com/s?__biz=MzA4OTk1MjA0MA==&mid=2674320533&idx=1&sn=1aad2142a9ab7c2d8d112bbb8018ccd2&chksm=8a815ed2bdf6d7c49adb79088bb165142cca2fd94f2244aa76358e148a1a7bad0be8b7cafc64&scene=123#wechat_redirect
孟晚舟反诉特鲁多“白莲花”人设已垮,2019年3月4日,http://mp.weixin.qq.com/s?__biz=MzA4OTk1MjA0MA==&mid=2674320542&idx=2&sn=165a496e813bf831316c60f805b67c0c&chksm=8a815ed9bdf6d7cf7b8a94130d26b27819c31b48b578c993809eecdd8a65e5a21660a6f99ae2&scene=27#wechat_redirect
法国黄马甲运动中的“反犹”密码,2019年3月5日,http://mp.weixin.qq.com/s?__biz=MzA4OTk1MjA0MA==&mid=2674320552&idx=1&sn=98b94e86ca4c9563855767409f327a0d&chksm=8a815eefbdf6d7f9b55772121f7001f3c52ff3e5a9b0bfeb02429f5162408b34c26763d7bce3&scene=123#wechat_redirect
油菜籽只是油菜籽加拿大扯政治是做贼心虚,2019年3月6日,http://mp.weixin.qq.com/s?__biz=MzA4OTk1MjA0MA==&mid=2674320562&idx=1&sn=a62dedecd19bfd54b26c9b19bd03fa47&chksm=8a815ef5bdf6d7e36589a5b9fda5ff7c0dca6c088b274f589a3fc66caaaf04de42221d11d60c&scene=123#wechat_redirect
华为起诉美国政府！有所不为有所必为,2019年3月7日,http://mp.weixin.qq.com/s?__biz=MzA4OTk1MjA0MA==&mid=2674320568&idx=2&sn=493bdcfa0bf737f802f19c48b79697e6&chksm=8a815effbdf6d7e914dd00ae6bcdcd1dec6ab47f91cd2c9bb3eae8b9f6eaface0184fd793517&scene=27#wechat_redirect
关键时刻美国踹了印度一脚,2019年3月8日,http://mp.weixin.qq.com/s?__biz=MzA4OTk1MjA0MA==&mid=2674320582&idx=1&sn=951e00ecf565bece3931c97ce8a8f1c3&chksm=8a815e81bdf6d79752c387949fe506440400f0a2937752945c77b8206f2700d6abae0d188985&scene=123#wechat_redirect
内容违规已被删除,2019年3月8日,http://mp.weixin.qq.com/s?__biz=MzA4OTk1MjA0MA==&mid=2674320582&idx=2&sn=baf536b5630ed33d63578d93d120bc6e&chksm=8a815e81bdf6d797e71fd722be55c34431c1bca90bac498800edd61237becd12d96df4b89a9e&scene=123#wechat_redirect
委内瑞拉全国大停电事情并没这么简单,2019年3月9日,http://mp.weixin.qq.com/s?__biz=MzA4OTk1MjA0MA==&mid=2674320589&idx=1&sn=ced827ad8440c941ab6f0349ea75d3b6&chksm=8a815e8abdf6d79c2d26fb8957781808b4ebfefa41a8382f1279abe3f913dc856b90b85a8e47&scene=123#wechat_redirect
意大利加入“一带一路”美国何必气急败坏？,2019年3月10日,http://mp.weixin.qq.com/s?__biz=MzA4OTk1MjA0MA==&mid=2674320598&idx=1&sn=ece792739c7784daf2deeea5099144f0&chksm=8a815e91bdf6d787e6018965f70a770a53abf1ae47509f729a6056df34a18c4488b64bd539f1&scene=123#wechat_redirect
伦敦大轰炸宣传照片为何还能感动中国网络？,2019年3月11日,http://mp.weixin.qq.com/s?__biz=MzA4OTk1MjA0MA==&mid=2674320620&idx=1&sn=34a8527aa55fc4c2b92fcbc705b38d1f&chksm=8a815eabbdf6d7bdf01cde09fdaab59f5838ff161b1a9661072f45f1732287bda6801c13b8bd&scene=123#wechat_redirect
电力战从贝尔格莱德到加拉加斯,2019年3月12日,http://mp.weixin.qq.com/s?__biz=MzA4OTk1MjA0MA==&mid=2674320634&idx=2&sn=60ecb656391acc361d57d8b8f5455aed&chksm=8a815ebdbdf6d7ab190a7ce7ed0eab4a09143c2c9ebb71c0c3cc60931abf454cb0eea1091009&scene=27#wechat_redirect
波音危机！无双标不美国,2019年3月13日,http://mp.weixin.qq.com/s?__biz=MzA4OTk1MjA0MA==&mid=2674320644&idx=1&sn=4b94b0293ca401b0841ccfc864e9bd3b&chksm=8a815f43bdf6d655a0b6a3b24f4ad0ad7315a904cd73bb91d40acf8f264fe94d3fd287e2f138&scene=123#wechat_redirect
波音黑匣子交给欧洲美国极度失望,2019年3月14日,http://mp.weixin.qq.com/s?__biz=MzA4OTk1MjA0MA==&mid=2674320652&idx=2&sn=a6624d6619d4bb19d06413e23af0fdb9&chksm=8a815f4bbdf6d65d63c97265c988c4b3fe57042d79cb250d01b8df4a1c4c474ca3c01086b260&scene=27#wechat_redirect
新西兰枪击案世外桃源的危机正在浮出水面,2019年3月15日,http://mp.weixin.qq.com/s?__biz=MzA4OTk1MjA0MA==&mid=2674320663&idx=1&sn=a44d8be8c3ec06f3fa18c4213e5eb82b&chksm=8a815f50bdf6d646acf88e05d90860ab85623d7e7f213641ab3ea513fcb6353b3b98a9ecfe9c&scene=123#wechat_redirect
刚与中国建交就动摇这个国家是“鬼上身”吗？,2019年3月17日,http://mp.weixin.qq.com/s?__biz=MzA4OTk1MjA0MA==&mid=2674320678&idx=1&sn=4560c0209ee70ce5e11e6da080d67550&chksm=8a815f61bdf6d6770c3981f3098d8811a2b0f3c28f4260b9689ac2a79b6a7ac88c989d160216&scene=123#wechat_redirect
新西兰的眼泪在飞土耳其却吃起人血馒头,2019年3月18日,http://mp.weixin.qq.com/s?__biz=MzA4OTk1MjA0MA==&mid=2674320694&idx=2&sn=1b208b53243763e9db660c91ed72b290&chksm=8a815f71bdf6d667eb4acf24b44a068d8bc467b1e88f339bcd1dea45541d4bde74dfb01211c3&scene=27#wechat_redirect
乌克兰大选将至政坛老美女卷土重来,2019年3月19日,http://mp.weixin.qq.com/s?__biz=MzA4OTk1MjA0MA==&mid=2674320713&idx=1&sn=44d8cee86a749e51f177d3a23472728d&chksm=8a815f0ebdf6d6184dbbdfc57270418745594b818bd7b17fd42749f20f0b73c7ae8c052d40f8&scene=123#wechat_redirect
纳扎尔巴耶夫为何辞职？”可汗“退隐幕后,2019年3月20日,http://mp.weixin.qq.com/s?__biz=MzA4OTk1MjA0MA==&mid=2674320722&idx=1&sn=6171b65145f3b7081a52b4ec0279f113&chksm=8a815f15bdf6d603698d1f5c4e3fbacb22fbb17d887fca4a1e0d9540630967ff736197420658&scene=123#wechat_redirect
卡拉季奇被判无期克林顿却安渡晚,2019年3月21日,http://mp.weixin.qq.com/s?__biz=MzA4OTk1MjA0MA==&mid=2674320734&idx=1&sn=75c36477369cff5455ca0ab48a28c945&chksm=8a815f19bdf6d60f5a656950c800a7d0290a6214abedc57bf33f15616e5882e779f8af0c5205&scene=123#wechat_redirect
真敢吹特朗普宣布”彻底歼灭“ISIS那当初是怎么来的？,2019年3月23日,http://mp.weixin.qq.com/s?__biz=MzA4OTk1MjA0MA==&mid=2674320752&idx=1&sn=99970d4d667fa2cdc3ee94eb14083657&chksm=8a815f37bdf6d6213e74b49f06df73b2d0e856789c9d3b70b9b495ff63b8d0052bf9c23198b9&scene=123#wechat_redirect
英国朋友谈英国脱欧”二次公投“,2019年3月24日,http://mp.weixin.qq.com/s?__biz=MzA4OTk1MjA0MA==&mid=2674320758&idx=1&sn=16170c990fb9c11823b6d1ed4c3dd0f6&chksm=8a815f31bdf6d6275f9dd153d6095773266653655bee684dffedaf4e73926373e2b6c448a8bb&scene=123#wechat_redirect
意大利1948：美国干涉别国选举之滥觞,2019年3月25日,http://mp.weixin.qq.com/s?__biz=MzA4OTk1MjA0MA==&mid=2674320765&idx=1&sn=ecad0980f666c9983d2ed86574e11f9d&chksm=8a815f3abdf6d62cc166d99a75e6128bb1aff0ac476a30601693341e5993638bafcd2c63e26b&scene=123#wechat_redirect
为什么坚决反对美国承认戈兰高地属于以色列？,2019年3月26日,http://mp.weixin.qq.com/s?__biz=MzA4OTk1MjA0MA==&mid=2674320780&idx=1&sn=607a5f5643b039f5cfc298157dccc42c&chksm=8a815fcbbdf6d6ddab6265db46962b592f99e6c868f0056b8b9b13d2276e2623a7cb07610874&scene=123#wechat_redirect
特鲁多急了：加拿大又一农业巨头被取消油菜籽对华出口许可证,2019年3月27日,http://mp.weixin.qq.com/s?__biz=MzA4OTk1MjA0MA==&mid=2674320794&idx=1&sn=3e65aab66758646c5cb36953cf78c232&chksm=8a815fddbdf6d6cbc964398e85fe1ead7ca53af533d90b8169406ff4e6a2494857b966b4cdc7&scene=123#wechat_redirect
俄军抵达委内瑞拉美俄西半球拔刀相见？,2019年3月28日,http://mp.weixin.qq.com/s?__biz=MzA4OTk1MjA0MA==&mid=2674320803&idx=2&sn=8e1db1dd5c81f088059fa9948f9832c2&chksm=8a815fe4bdf6d6f242238df574f6755687981238a541c730d00db9aa355664bce4d9929a95d0&scene=27#wechat_redirect
脱欧脱得半身不遂还有闲心对香港指手划脚？,2019年3月29日,http://mp.weixin.qq.com/s?__biz=MzA4OTk1MjA0MA==&mid=2674320814&idx=1&sn=1c7d197b6bd58f60d5b141279a92e616&chksm=8a815fe9bdf6d6ffc761bcbb59b2388a37080aa1dbc9fe13a677d8bb76e6c240a0ee250c9648&scene=123#wechat_redirect
中国雪中送炭首批民生物资运到委内瑞拉,2019年3月30日,http://mp.weixin.qq.com/s?__biz=MzA4OTk1MjA0MA==&mid=2674320831&idx=1&sn=5f66a9417f88eb7aa137903c492dbcda&chksm=8a815ff8bdf6d6ee84b8924b3b87e54ca3140f05a5193fd6ac79a539480f6a0b2c845c52be71&scene=123#wechat_redirect
南海撞机！一位英雄与24个强盗,2019年4月1日,http://mp.weixin.qq.com/s?__biz=MzA4OTk1MjA0MA==&mid=2674320844&idx=1&sn=b1d9ad3ccf9b3007372029f120a5b429&chksm=8a815f8bbdf6d69d7f4057422a80f04c8322938c7b35fff0fde47393aad2ad1094247eb54e03&scene=123#wechat_redirect
乌克兰”喜剧天王“犹太人的傀儡还是俄国人的奴隶？,2019年4月2日,http://mp.weixin.qq.com/s?__biz=MzA4OTk1MjA0MA==&mid=2674320861&idx=1&sn=b44e5feb47f24122fde3e2a18cbb443e&chksm=8a815f9abdf6d68cfeef996a3ae95d80c01283886da35cdd7e17ddec1357a01eed7d4ce56c39&scene=123#wechat_redirect
内容违规已被删除,2019年4月4日,http://mp.weixin.qq.com/s?__biz=MzA4OTk1MjA0MA==&mid=2674320888&idx=1&sn=0d6716b337ae2b12dd8f5001b0938f5d&chksm=8a815fbfbdf6d6a9b6f7ca32054a77e88d2abf3757f6d65eaf0a27dea708b9e4226c0a59cfe5&scene=123#wechat_redirect
”台肯“：台独小伎俩背后的大阴谋,2019年4月5日,http://mp.weixin.qq.com/s?__biz=MzA4OTk1MjA0MA==&mid=2674320902&idx=1&sn=d41184cbfe7add3eb4e2bb66f26c8976&chksm=8a815c41bdf6d55759b4d64f58c404cb0e501d9ce46220493dc4200639436104c249c2c866d0&scene=123#wechat_redirect
卡扎菲死后八利比亚内战再起,2019年4月6日,http://mp.weixin.qq.com/s?__biz=MzA4OTk1MjA0MA==&mid=2674320915&idx=1&sn=f38a53baf5eb23ab8d0b259791e9e85f&chksm=8a815c54bdf6d542a90f0a77210f50de5446a044aae86daaffe16a801eb5f8b32e7c124e83db&scene=123#wechat_redirect
美舰不参加中国人民海军70周活动灯塔心态很复杂,2019年4月7日,http://mp.weixin.qq.com/s?__biz=MzA4OTk1MjA0MA==&mid=2674320929&idx=2&sn=4dc8de63907e7c1cd264cdffe836582d&chksm=8a815c66bdf6d570383232e35f89c69bb5ccfaad9f8d399b169db5a2d2b581df646ec54b1b02&scene=27#wechat_redirect
美军开溜利比亚回归强人政治是好是坏？,2019年4月8日,http://mp.weixin.qq.com/s?__biz=MzA4OTk1MjA0MA==&mid=2674320938&idx=1&sn=d5b276ff5bbc94bbcbe1dab3554c8cf4&chksm=8a815c6dbdf6d57b64ad58126033788ed1bbaa976381f9d541c9d6651b298129a48cca244669&scene=123#wechat_redirect
美国宣布伊朗革命卫队为”恐怖组织“意味着什么？,2019年4月9日,http://mp.weixin.qq.com/s?__biz=MzA4OTk1MjA0MA==&mid=2674320946&idx=1&sn=ed21d02296cc511181134fbf503ffc33&chksm=8a815c75bdf6d563997ab04c5c58ac188ea04778126f76bed57ca42e2ce0d28f5086ed1fa167&scene=123#wechat_redirect
指责空客拿政府补贴！特朗普对欧盟挥以重拳,2019年4月10日,http://mp.weixin.qq.com/s?__biz=MzA4OTk1MjA0MA==&mid=2674320962&idx=1&sn=93ceea15c9f08ca917596a8d588f8e1a&chksm=8a815c05bdf6d51339de469bce0a9cefeadd0ee72d66872927f77e68aa9f0959a8cdf830e1e7&scene=123#wechat_redirect
英国朋友谈阿桑奇在伦敦被捕,2019年4月11日,http://mp.weixin.qq.com/s?__biz=MzA4OTk1MjA0MA==&mid=2674320971&idx=1&sn=8759d222ad2217fe39e640c46c1722f0&chksm=8a815c0cbdf6d51a95dafc68864f643a10391f02241686bb4c4e4ce23e629491ec80b7a04b29&scene=123#wechat_redirect
苏丹军事政变这个国家吃错药了！,2019年4月12日,http://mp.weixin.qq.com/s?__biz=MzA4OTk1MjA0MA==&mid=2674320990&idx=2&sn=4a2cd9c42d1bf95d5aa19d07b203f32d&chksm=8a815c19bdf6d50fa37b4c66e0d8257434bc37cffb926935ca0c704a5c842b7f4c9829600838&scene=27#wechat_redirect
中俄是你们的“假朋友”！美国新版“门罗主义”,2019年4月13日,http://mp.weixin.qq.com/s?__biz=MzA4OTk1MjA0MA==&mid=2674320997&idx=1&sn=7429bbacdcc4dac2b6799abd4ebf3ec1&chksm=8a815c22bdf6d534551919b471a5f186a51ded6df8aad398bad4f2509942446eee186fe41c15&scene=123#wechat_redirect
公母”台独“狗互咬升级皆急着向洋大人争宠,2019年4月14日,http://mp.weixin.qq.com/s?__biz=MzA4OTk1MjA0MA==&mid=2674321011&idx=1&sn=c76f04bf6b7cee5a5defd92e418d398c&chksm=8a815c34bdf6d522629cfef5276264756febe3c65913329cac8b404aa18261a7daaabd2393c4&scene=123#wechat_redirect
讲政治！俄罗斯军队为何要逐步恢复苏军传统？,2019年4月15日,http://mp.weixin.qq.com/s?__biz=MzA4OTk1MjA0MA==&mid=2674321020&idx=1&sn=9216fd6beff361ba6a61391e483f6ecc&chksm=8a815c3bbdf6d52d874ae35fef575c81bef4e549136c62655a3b0749d500a08a3738664402e9&scene=123#wechat_redirect
一言难尽的巴黎圣母院大火,2019年4月17日,http://mp.weixin.qq.com/s?__biz=MzA4OTk1MjA0MA==&mid=2674321040&idx=1&sn=834fd50888f12d2eb64d35400c0721eb&chksm=8a815cd7bdf6d5c1cd717a8ffeb1c467fac7963c4ea18cb6844f2034a2a45a467123e4ca61e3&scene=123#wechat_redirect
郭台铭出战2020：妈祖托梦志在必得?,2019年4月18日,http://mp.weixin.qq.com/s?__biz=MzA4OTk1MjA0MA==&mid=2674321047&idx=2&sn=8a8dbe9fe4a28cc315f75312df104d62&chksm=8a815cd0bdf6d5c6ad3271e5a70365a717821e856500e2dd27b8291e8153b70c3776ba7519f8&scene=27#wechat_redirect
美国对古巴张牙舞爪中国欧洲俄罗斯坚决反对！,2019年4月19日,http://mp.weixin.qq.com/s?__biz=MzA4OTk1MjA0MA==&mid=2674321058&idx=1&sn=8bcf98efb30ee7689d6ef82e00ef81cb&chksm=8a815ce5bdf6d5f3a43f58d5be523b80f80235da9e3f20b70fdea9c6ac3b04cbf00d4f6e879a&scene=123#wechat_redirect
太平洋将来为我们管了才算是太平洋！,2019年4月20日,http://mp.weixin.qq.com/s?__biz=MzA4OTk1MjA0MA==&mid=2674321075&idx=1&sn=6156376c4eff069a85b3fa611cf3ab19&chksm=8a815cf4bdf6d5e2ce7a401e5946afe73f628ebafe1cbc740274d4d8f5444f5f3809f9a1466e&scene=123#wechat_redirect
斯里兰卡“复活节”连环爆炸案的背后,2019年4月22日,http://mp.weixin.qq.com/s?__biz=MzA4OTk1MjA0MA==&mid=2674321082&idx=1&sn=9df7e8dd3227d8deeed4ab6beb820949&chksm=8a815cfdbdf6d5eb69294bed4aa60b02102d7b05168f0175f04c3d3ba48a7fa077e2f3f27b54&scene=123#wechat_redirect
加不加入“一带一路”？这是一道送分题,2019年4月23日,http://mp.weixin.qq.com/s?__biz=MzA4OTk1MjA0MA==&mid=2674321093&idx=1&sn=34fc98242c452547fca690f3a0cabdac&chksm=8a815c82bdf6d5941663e4e865cd65ccd0611be5d757e1cf24a6d3433771ce3d63e307dc2f3d&scene=123#wechat_redirect
英国批准华为参与5G建设特蕾莎.梅给欧洲作了个示范,2019年4月24日,http://mp.weixin.qq.com/s?__biz=MzA4OTk1MjA0MA==&mid=2674321105&idx=1&sn=79c67660ea9f9bff381436ea036009a8&chksm=8a815c96bdf6d580696cf3258063aa961b5cbf5a0c8de4017ca13ebcc05f8592864215b6336a&scene=123#wechat_redirect
伊朗石油谁都不能买！黑社会也得让人做生意,2019年4月25日,http://mp.weixin.qq.com/s?__biz=MzA4OTk1MjA0MA==&mid=2674321117&idx=1&sn=ff43f6155d8cbf71cb0d4a8436457675&chksm=8a815c9abdf6d58c8258ff13962604ee97b8978beb60ec057ff0a0c57f2e7acdc08cc6e75078&scene=123#wechat_redirect
矫情印度又缺席“一带一路”高峰合作论坛,2019年4月26日,http://mp.weixin.qq.com/s?__biz=MzA4OTk1MjA0MA==&mid=2674321122&idx=1&sn=725a79c645bc629b6985efbbe466e585&chksm=8a815ca5bdf6d5b362a473b5ee16cc7116b29d5dc505ad9c26f0b1bcd8b37a5b634afe00cda3&scene=123#wechat_redirect
能不能有点契约精神？签过字的条约又撕了,2019年4月27日,http://mp.weixin.qq.com/s?__biz=MzA4OTk1MjA0MA==&mid=2674321131&idx=1&sn=66bb91b7e9502c69f5c0c1389a199065&chksm=8a815cacbdf6d5ba0704e5bb2a380f0363e15711992008454837dc77fc6c3d19fcd3d78bc32e&scene=123#wechat_redirect
喜剧演员当总统乌克兰的历史和未来,2019年4月28日,http://mp.weixin.qq.com/s?__biz=MzA4OTk1MjA0MA==&mid=2674321138&idx=1&sn=19319f04c4a7968369e9b65ecd0cd22f&chksm=8a815cb5bdf6d5a356ca02834ba92f3457ef880d33319ada4c074643b8c98f8c1d1b29ddd8ca&scene=123#wechat_redirect
航母又烧了！印度为何掉进俄国的军售深坑？,2019年4月29日,http://mp.weixin.qq.com/s?__biz=MzA4OTk1MjA0MA==&mid=2674321145&idx=2&sn=e0d99e2cd256eb2b0112f9d3284ad1c8&chksm=8a815cbebdf6d5a8c57c8f4038aa908275131989bd709b7036b5a65b00824fb9768bce2d70ef&scene=27#wechat_redirect
中美俄居然在阿富汗问题上发出共同呼吁！,2019年4月30日,http://mp.weixin.qq.com/s?__biz=MzA4OTk1MjA0MA==&mid=2674321157&idx=1&sn=88bc36e4ad1068d50c2a5e670b641384&chksm=8a815d42bdf6d454980ce2357773c1581695302e47985d23230b762f1c4a68d4f0e0b095cda9&scene=123#wechat_redirect
加拿大你不配对中国判处毒贩死刑说三道四,2019年5月1日,http://mp.weixin.qq.com/s?__biz=MzA4OTk1MjA0MA==&mid=2674321164&idx=1&sn=fa951e217014709c73d7a0f875c3549d&chksm=8a815d4bbdf6d45d675a4e7fdd3fedab488f9769cf2a97929ae1368527be0eaccaa717e2c390&scene=123#wechat_redirect
英国“华为决议”泄密案：大臣在背后狠插首相一刀,2019年5月2日,http://mp.weixin.qq.com/s?__biz=MzA4OTk1MjA0MA==&mid=2674321175&idx=1&sn=274c67f21514cf7effe30e10956876d2&chksm=8a815d50bdf6d4465fd311fac09255a61cbb0435f73a146468c14f035eefbdbab6c40b7dff0e&scene=123#wechat_redirect
“五四”百：一场国际会议为何会深深刺痛中国人？,2019年5月4日,http://mp.weixin.qq.com/s?__biz=MzA4OTk1MjA0MA==&mid=2674321183&idx=1&sn=9610cf87f396ece86c3b87de5b439f5c&chksm=8a815d58bdf6d44e3014c229757160d89a91e5099f86ad7928562e8e7f2c3886eca8d3a6b270&scene=123#wechat_redirect
瓜伊多”政变“破产带路党要请美国入侵自己国家,2019年5月5日,http://mp.weixin.qq.com/s?__biz=MzA4OTk1MjA0MA==&mid=2674321197&idx=1&sn=19b76445fdd1f27e7f8b69150e427c1d&chksm=8a815d6abdf6d47c9ce261015257944c6be56a94f096266e13c6574cf5090748fac077cb6795&scene=123#wechat_redirect
两个女人的战争：你脱我也脱大英帝国会走向分裂吗？,2019年5月6日,http://mp.weixin.qq.com/s?__biz=MzA4OTk1MjA0MA==&mid=2674321201&idx=2&sn=06d8633c0957f9577722d75170ec45b6&chksm=8a815d76bdf6d460e78af8edacf18bead91fbe22b4ecd297b0bed9ec980d8739e967d151d8a9&scene=27#wechat_redirect
屠夫的“人权”课:驻南联盟使馆被炸20周！,2019年5月7日,http://mp.weixin.qq.com/s?__biz=MzA4OTk1MjA0MA==&mid=2674321213&idx=1&sn=64229fa0eb54f03ebc9bb24ad404cbe2&chksm=8a815d7abdf6d46c0789234c160c841b5e133d7d5dbf22c2c7c28c8af8dd452db44d36587a0e&scene=123#wechat_redirect
疯狂：中国在北极没有权利加拿大也没有主权,2019年5月8日,http://mp.weixin.qq.com/s?__biz=MzA4OTk1MjA0MA==&mid=2674321220&idx=1&sn=251be178f20f2531327f7f0e53bdb02c&chksm=8a815d03bdf6d41545cee9d23fd0cad1d5af50d0e90224ad0ab0c6c4f7d59fa58c90001a850f&scene=123#wechat_redirect
贸易摩擦“王八拳”又来了我们敢战方能言和！,2019年5月9日,http://mp.weixin.qq.com/s?__biz=MzA4OTk1MjA0MA==&mid=2674321226&idx=1&sn=806bf4d9441826d80b8e68ef4515228f&chksm=8a815d0dbdf6d41bfc39140f6f78e1b3a4b1fff901ec9592a53c7e79d2fcdfdcfb6c36bda982&scene=123#wechat_redirect
国务卿伦敦行：重提苏联诋毁中国教训英国羞辱德国！,2019年5月10日,http://mp.weixin.qq.com/s?__biz=MzA4OTk1MjA0MA==&mid=2674321236&idx=1&sn=97bc59d94bebdaf0a2da1afcc0deea7a&chksm=8a815d13bdf6d40573041425f04aed0e5abf28859e867dfa759d77e190b8b02cd4ba68ef5e4f&scene=123#wechat_redirect
中美贸易谈判微妙时刻默克尔公开赞扬“一带一路”说给谁听？,2019年5月11日,http://mp.weixin.qq.com/s?__biz=MzA4OTk1MjA0MA==&mid=2674321248&idx=1&sn=9b1ceb9fa3508f2becdccd2dedf5624a&chksm=8a815d27bdf6d43172b72855d8d7028f49bf7907388c318a84c199f7c6fb6fdf118c44c1783a&scene=123#wechat_redirect
巴基斯坦瓜达尔酒店遇袭又是这个恐怖组织,2019年5月12日,http://mp.weixin.qq.com/s?__biz=MzA4OTk1MjA0MA==&mid=2674321255&idx=1&sn=32c55212d4738e881da5eb3c51c51373&chksm=8a815d20bdf6d43671cfb1cad7b3c7b4008c7aafd5180ea0c613168029697e4bb13d6f908ba1&scene=123#wechat_redirect
加拿大对中国尴尬示好：北极欢迎您！,2019年5月13日,http://mp.weixin.qq.com/s?__biz=MzA4OTk1MjA0MA==&mid=2674321262&idx=1&sn=f93b550d8823834d122e2c4c62f595e1&chksm=8a815d29bdf6d43f508b150a8d799f3533a5753df3d07b36de5b191d5c08c26df1d8a35c5c4f&scene=123#wechat_redirect
中美贸易战我们将看到中华民族的凝聚力,2019年5月14日,http://mp.weixin.qq.com/s?__biz=MzA4OTk1MjA0MA==&mid=2674321273&idx=2&sn=9cc4d6c1de76845ff0215648985a9338&chksm=8a815d3ebdf6d428de68a752ffbf280ca41d3bd7f2993ebb4efe3047511d9d60cf6b56b89caa&scene=27#wechat_redirect
美国“王八拳”为什么绕开了稀土？,2019年5月15日,http://mp.weixin.qq.com/s?__biz=MzA4OTk1MjA0MA==&mid=2674321280&idx=1&sn=e3bac6b40c3db9e63bfa14c2e96a54ed&chksm=8a815dc7bdf6d4d19264001f3148b436f1b27bb367e2afa626a3041d64a6917f0808a4f6f256&scene=123#wechat_redirect
英国朋友谈“华为”让美国进入“紧急状态”,2019年5月16日,http://mp.weixin.qq.com/s?__biz=MzA4OTk1MjA0MA==&mid=2674321284&idx=1&sn=6c2f1f2e244be86347e4d7f2689d0f05&chksm=8a815dc3bdf6d4d5759c843ec0611e8b342dac26c795acb9cc6fa76ca0d7626575c0b4ffffb4&scene=123#wechat_redirect
“华为海思”公开信与雄文《别了司徒雷登》,2019年5月17日,http://mp.weixin.qq.com/s?__biz=MzA4OTk1MjA0MA==&mid=2674321290&idx=1&sn=7c5c0a7c2091bcf7a87594f46d974e77&chksm=8a815dcdbdf6d4dbb33985092a1aa2e6f08edc91b1d9e0217b3c3fe6522aa793c6e418700f10&scene=123#wechat_redirect
伊朗生存危机：需要中国的定心丸日本你看着办,2019年5月19日,http://mp.weixin.qq.com/s?__biz=MzA4OTk1MjA0MA==&mid=2674321316&idx=2&sn=d27bbb418b1c3e2390ca7438f425df70&chksm=8a815de3bdf6d4f556f8541e4b52e037d6c2e98d57f7bfdad81426dea13effc10d1e102c814e&scene=27#wechat_redirect
喜闻乐见：“六公主”密集播出抗美援朝影片,2019年5月20日,http://mp.weixin.qq.com/s?__biz=MzA4OTk1MjA0MA==&mid=2674321320&idx=1&sn=2561526470226376475a3831e249949b&chksm=8a815defbdf6d4f99322f40599da12c16aef9e523c33f527cd5a32ed2f743725db609a7a79e8&scene=123#wechat_redirect
德国真心话大冒险：窃听我们的不是华为而是……,2019年5月21日,http://mp.weixin.qq.com/s?__biz=MzA4OTk1MjA0MA==&mid=2674321325&idx=1&sn=dfb3f222a82c774015a9bb4e740fb258&chksm=8a815deabdf6d4fc48da762ca0e34fd7a69357a92f2324f86d77bc0889f72174a9f695c815af&scene=123#wechat_redirect
默克尔要置美国于何地？居然呼吁欧洲团结面对美中俄,2019年5月22日,http://mp.weixin.qq.com/s?__biz=MzA4OTk1MjA0MA==&mid=2674321329&idx=2&sn=7844c32e306506ce09eefef63a3c5d8f&chksm=8a815df6bdf6d4e0d3452eedf83b535146ab7f264620cfc7de3989c2b17615e7640672c899d0&scene=27#wechat_redirect
断供华为？贸易战的另一面：舆论战,2019年5月23日,http://mp.weixin.qq.com/s?__biz=MzA4OTk1MjA0MA==&mid=2674321339&idx=1&sn=ab7427640b8998c22dda4d49fe882b67&chksm=8a815dfcbdf6d4ea3fe0705a98591681b6e23fb64bb697ea3147ff630825e5c05dd58f2f516d&scene=123#wechat_redirect
带不动梅姨准备辞职！谁在哭？谁在笑？,2019年5月24日,http://mp.weixin.qq.com/s?__biz=MzA4OTk1MjA0MA==&mid=2674321346&idx=1&sn=511344875af9d501ca3eda37181c505f&chksm=8a815d85bdf6d4935a8c5f967862e18132dc7a1a66ee3090f27591bdc71eff4d6faccb5acae2&scene=123#wechat_redirect
特朗普增兵中东：到底是耍自己还是吓伊朗？,2019年5月26日,http://mp.weixin.qq.com/s?__biz=MzA4OTk1MjA0MA==&mid=2674321354&idx=2&sn=2a0598efde013d01295142720fa4572a&chksm=8a815d8dbdf6d49b293438224b1c708d8f2cc8c69ceda4605f0cc2a0275b445cd8fd5b7e0b7b&scene=27#wechat_redirect
一地鸡毛：欧洲议会大选会影响中欧关系吗？,2019年5月27日,http://mp.weixin.qq.com/s?__biz=MzA4OTk1MjA0MA==&mid=2674321363&idx=1&sn=823584b6a1f0900860b5a506b8bb6d46&chksm=8a815d94bdf6d482787ee2a9bb22d31ca5ec513f6c073785179ad9388c4ee8996f71948ac8bf&scene=123#wechat_redirect
联邦快递劫持华为包裹的胆量何来？,2019年5月28日,http://mp.weixin.qq.com/s?__biz=MzA4OTk1MjA0MA==&mid=2674321374&idx=1&sn=e3aaa6f6159333c11da97d5d6a39018a&chksm=8a815d99bdf6d48ff4248481cd280087117080c30acb4fcc8029cb2aa98c226678fe59ccc6ba&scene=123#wechat_redirect
为封杀华为美国把黑手伸向了学术界,2019年5月29日,http://mp.weixin.qq.com/s?__biz=MzA4OTk1MjA0MA==&mid=2674321384&idx=1&sn=98145ac9f671fd229ebb3b1af709c063&chksm=8a815dafbdf6d4b9b9ed2ace1a070bcd49ba5c4fbe1afb4771c15e5b887c5d37daf11fdee3c0&scene=123#wechat_redirect
中美过招边上有一哥们先躺下了,2019年5月30日,http://mp.weixin.qq.com/s?__biz=MzA4OTk1MjA0MA==&mid=2674321392&idx=1&sn=b0da14c139406e7902521edbb269aab3&chksm=8a815db7bdf6d4a1058660a23626dc9c018bcd6cb9ab73e4c93bcf9753b2ff92ee9cf2930f34&scene=123#wechat_redirect
英国喜迎首次5G直播美国脸色很难看,2019年5月31日,http://mp.weixin.qq.com/s?__biz=MzA4OTk1MjA0MA==&mid=2674321404&idx=1&sn=b8346ffe51710008b44e998ce2adf83f&chksm=8a815dbbbdf6d4ad08bd94d178b8b27cad00492c2bb32b0ccd7d2e05cb8ba02cab40b7864d5b&scene=123#wechat_redirect
不可理喻的天才墨西哥又被拎出来挨打,2019年6月1日,http://mp.weixin.qq.com/s?__biz=MzA4OTk1MjA0MA==&mid=2674321412&idx=1&sn=73c634b139dd7f706d26a5ece6a76e92&chksm=8a815243bdf6db55c7fa82d7be9a182ba67c7f0ebc46920fa4d553e397e897585f4f6a8341f5&scene=123#wechat_redirect
莫迪刚刚连任就喜迎特朗普“大礼包”--制裁,2019年6月2日,http://mp.weixin.qq.com/s?__biz=MzA4OTk1MjA0MA==&mid=2674321424&idx=1&sn=d85323d538807f4f2c72a868a36822d3&chksm=8a815257bdf6db41180a138ef5c73a5c2adab57e0841f57c4ced26e5bf70a7c913f4500a077e&scene=123#wechat_redirect
英国朋友谈特朗普访问英国,2019年6月3日,http://mp.weixin.qq.com/s?__biz=MzA4OTk1MjA0MA==&mid=2674321439&idx=1&sn=40dbd1a0a09f17fffa78ef4dcca3eb52&chksm=8a815258bdf6db4eb5fc253c28b25d0640722dd7ff218420a69773fc0837d5052c69f98587ff&scene=123#wechat_redirect
这个台湾“友邦”为何会爆发反美国浪潮？,2019年6月4日,http://mp.weixin.qq.com/s?__biz=MzA4OTk1MjA0MA==&mid=2674321446&idx=2&sn=6fac298a63133f0ec1b52766ec59e448&chksm=8a815261bdf6db77313aa20d6eab08282788ba61bd69c3d1575bccd45a407df0fd921ee01c79&scene=27#wechat_redirect
普京被欧洲拒之门外红军的血白流了？,2019年6月5日,http://mp.weixin.qq.com/s?__biz=MzA4OTk1MjA0MA==&mid=2674321457&idx=1&sn=640528d06a7f43251651b30338992d03&chksm=8a815276bdf6db60f456879c3f846599071cff1f73ee0d6e90ddef54c608eff9db0e1e7a7c64&scene=123#wechat_redirect
中俄关系进入“新时代”美俄为何无法建立互信？,2019年6月6日,http://mp.weixin.qq.com/s?__biz=MzA4OTk1MjA0MA==&mid=2674321468&idx=1&sn=17791247917cd14a1706531eba073628&chksm=8a81527bbdf6db6d940e6fc03d5adfd87bb4a77ad6dd13ca2d98a9025db32917974bf6290b68&scene=123#wechat_redirect
不要笑！美国眼红中国“发展中国家”身份,2019年6月7日,http://mp.weixin.qq.com/s?__biz=MzA4OTk1MjA0MA==&mid=2674321474&idx=1&sn=7fe3dffac7abd48f1194bc6bbcc73a1c&chksm=8a815205bdf6db134d1ecec8360f8a701f0895fb68f7ccb7a1e45a668c3f7ee2cdcec465ee5b&scene=123#wechat_redirect
为什么不能让“投降论”有任何舆论空间？,2019年6月8日,http://mp.weixin.qq.com/s?__biz=MzA4OTk1MjA0MA==&mid=2674321479&idx=1&sn=28365e4b838123eb8db0500760cc75cc&chksm=8a815200bdf6db163b726beb888d9286a6093b692ad25a575860a609fd1d8ad2cabcb6a4c1e6&scene=123#wechat_redirect
好惨！联合国被逼到要卖房救急,2019年6月9日,http://mp.weixin.qq.com/s?__biz=MzA4OTk1MjA0MA==&mid=2674321491&idx=1&sn=075710e8e415f262e14b86954241984d&chksm=8a815214bdf6db02a78ec5a4f5d05597077cf51efabbc91f21e8b24e8a7909cd62a0875d0c97&scene=123#wechat_redirect
好莱坞剧本？美国圣母看望委内瑞拉“难民”,2019年6月11日,http://mp.weixin.qq.com/s?__biz=MzA4OTk1MjA0MA==&mid=2674321504&idx=1&sn=923593cea58088cfc9083a13e7c4d254&chksm=8a815227bdf6db310ab4a36b390afd17116ad49d20ecbf4510e492f3cc38044cca9dd306a397&scene=123#wechat_redirect
日本首相破天荒访问伊朗不怕触怒美国？,2019年6月12日,http://mp.weixin.qq.com/s?__biz=MzA4OTk1MjA0MA==&mid=2674321508&idx=2&sn=01983b3083f5ee039fff59467fe0236c&chksm=8a815223bdf6db351aa23031805ab5da42a8b4e4ee5fbca7c1f594ef0cdd39a5e79913a3352d&scene=27#wechat_redirect
美国增兵大波波倒贴！惩罚德国还是恐吓俄国？,2019年6月13日,http://mp.weixin.qq.com/s?__biz=MzA4OTk1MjA0MA==&mid=2674321515&idx=1&sn=ff403861920a3f56e7e69eedd69fabad&chksm=8a81522cbdf6db3ab27c9939ebe3091a13dfdaf71f37cae464e9469d9ab5ea59f1cb8027fd1f&scene=123#wechat_redirect
海湾油轮遇袭的角色扮演：法官警察凶手陪审员,2019年6月15日,http://mp.weixin.qq.com/s?__biz=MzA4OTk1MjA0MA==&mid=2674321522&idx=1&sn=0b7d8fd4a9f68ce05e576ff04b487924&chksm=8a815235bdf6db23f2ce85e0812ab6225e23e4510842ec02ea12a2bbba70a660a759cba0a954&scene=123#wechat_redirect
华为要收专利费“专利流氓”这顶帽子就来了,2019年6月16日,http://mp.weixin.qq.com/s?__biz=MzA4OTk1MjA0MA==&mid=2674321529&idx=1&sn=cdc8f3a5f91e9793f0ea57ed93617112&chksm=8a81523ebdf6db2818ce4185fc76a73919af838c3f0df9ca66708c3a53685af98025a4fde333&scene=123#wechat_redirect
美国大豆严重积压我为白宫支个招,2019年6月17日,http://mp.weixin.qq.com/s?__biz=MzA4OTk1MjA0MA==&mid=2674321538&idx=1&sn=4bcb118c96ba983fce981ee72e99575d&chksm=8a8152c5bdf6dbd3dc66f6e3ba80971031565577a752ce2e93b031864a73980749a4ad0d7752&scene=123#wechat_redirect
用法律杀死法律：美国流氓政客要明抢华为专利,2019年6月18日,http://mp.weixin.qq.com/s?__biz=MzA4OTk1MjA0MA==&mid=2674321550&idx=1&sn=a472e0f7718021eb653f3518c740259d&chksm=8a8152c9bdf6dbdf8a85320bd85574019fbb16c113bca195d973ed39c56e8143dc672fbb3ab9&scene=123#wechat_redirect
美国呼吁全球分担难民好大一座贞洁牌坊,2019年6月20日,http://mp.weixin.qq.com/s?__biz=MzA4OTk1MjA0MA==&mid=2674321571&idx=1&sn=591e6d675cd45a593d103fc816c0deee&chksm=8a8152e4bdf6dbf24c62d248708584915c4a44884301db7b98211c0bf4b9e87fe11ca9b60588&scene=123#wechat_redirect
伊朗击落“全球鹰美国只会匹夫之怒捶胸顿足！,2019年6月21日,http://mp.weixin.qq.com/s?__biz=MzA4OTk1MjA0MA==&mid=2674321580&idx=1&sn=97d7a7efa5c673547639e0ca7942ead5&chksm=8a8152ebbdf6dbfd762f52f63b734cbd9972f94ffcfd42d6578c62b07dadfe59afeddbbd6d73&scene=123#wechat_redirect
民航禁飞令！普京为何对格鲁吉亚突然出招？,2019年6月22日,http://mp.weixin.qq.com/s?__biz=MzA4OTk1MjA0MA==&mid=2674321589&idx=1&sn=b45669fb9658a9264d0d9fb8a4c063b4&chksm=8a8152f2bdf6dbe4438ae2484c0bceacdad6bffad2be09de4fd7c53b0398940806fe869e25d7&scene=123#wechat_redirect
让伊朗再次伟大！嘻嘻我现在是一只和平鸽,2019年6月23日,http://mp.weixin.qq.com/s?__biz=MzA4OTk1MjA0MA==&mid=2674321600&idx=1&sn=0d2c0064b4fdba285a379df9a0a6bdbe&chksm=8a815287bdf6db913b2251aeaabb7219177b052f487b7e235d25f17ab44ca184a3c29380ccfb&scene=123#wechat_redirect
从病态到变态：美国想全面封杀在中国生产的5G设备,2019年6月24日,http://mp.weixin.qq.com/s?__biz=MzA4OTk1MjA0MA==&mid=2674321623&idx=1&sn=7cda142c9cc9c8a6f9262a21ec814448&chksm=8a815290bdf6db86811dafa0ea623699ef574798b607513053deb49f0c067da782561c79b247&scene=123#wechat_redirect
那个加了王思聪微信的轻人今买房了,2019年6月25日,http://mp.weixin.qq.com/s?__biz=MzA4OTk1MjA0MA==&mid=2674321632&idx=2&sn=8987c5f7c0a73602592c1aaddd75ac77&chksm=8a8152a7bdf6dbb1b95e8a3e3070e3642d0bba565bf421a995742ccf75591c352871c92a37b2&scene=123#wechat_redirect
加拿大军舰不远万里穿越台湾海峡用意何在？,2019年6月25日,http://mp.weixin.qq.com/s?__biz=MzA4OTk1MjA0MA==&mid=2674321632&idx=1&sn=8708680c56091003b723b066eb8bbed8&chksm=8a8152a7bdf6dbb1fb31c9301381d634dffcbd5f0ed4d418540ad2c30cb8154eb083d71dd46e&scene=123#wechat_redirect
国务卿被《新闻联播》点名“表扬”他得有多“优秀”？,2019年6月27日,http://mp.weixin.qq.com/s?__biz=MzA4OTk1MjA0MA==&mid=2674321643&idx=2&sn=06360ad0febd65fae985e84952b5ac31&chksm=8a8152acbdf6dbba6f187c1abd6f5b8d8e6a7885bd698d9f23430d2bb011f9868b47d3611c41&scene=123#wechat_redirect
中高考政策又变了！家有7-12岁孩子请务必花3分钟看看！,2019年6月27日,http://mp.weixin.qq.com/s?__biz=MzA4OTk1MjA0MA==&mid=2674321643&idx=1&sn=75a27bb34f845b9a2ddc2eb7701d7e14&chksm=8a8152acbdf6dbba18c9652ea5b36d393a253c95887ef4920a646e213388a32165e0a987cf4e&scene=123#wechat_redirect
特朗普会不会把G20开成“G19+1"?,2019年6月28日,http://mp.weixin.qq.com/s?__biz=MzA4OTk1MjA0MA==&mid=2674321652&idx=1&sn=2232558d0e61df359da8fb14be3b52b8&chksm=8a8152b3bdf6dba5f7615e86d124b28c1131275a931d06b28aaee4d5cf8fa47c0667304379aa&scene=123#wechat_redirect
别再乱买紫砂壶了源头直供才这个价,2019年6月29日,http://mp.weixin.qq.com/s?__biz=MzA4OTk1MjA0MA==&mid=2674321663&idx=2&sn=be2c33d4ebce8b3bf52929f11aaa6361&chksm=8a8152b8bdf6dbaef8551aa8965b21ac55c846f875c56154cfdfe855d253cc95c23ee93938b2&scene=123#wechat_redirect
解禁！实干的中国和蛮干的美国,2019年6月29日,http://mp.weixin.qq.com/s?__biz=MzA4OTk1MjA0MA==&mid=2674321663&idx=1&sn=57c44898fceb894bbedc56a624bbd5d0&chksm=8a8152b8bdf6dbaedd974fd64edfbc4c4bdc6c596a6a53ea3098fac6f0fc00e32687b315c93f&scene=123#wechat_redirect
特朗普板门店示好刷新历史不如做些实事,2019年6月30日,http://mp.weixin.qq.com/s?__biz=MzA4OTk1MjA0MA==&mid=2674321671&idx=1&sn=160a3eb1ac712e925c958ae1c303d7bf&chksm=8a815340bdf6da56e6beab6b755c7b7beedf2d374d59d1fb40f6ba61d6d7873d3fa554853da2&scene=123#wechat_redirect
难民NGO在意大利用行动证明“自由主义”正在反噬欧洲,2019年7月1日,http://mp.weixin.qq.com/s?__biz=MzA4OTk1MjA0MA==&mid=2674321679&idx=1&sn=453318108fdc308d5de3309d1f043eb1&chksm=8a815348bdf6da5e6f5125c3580a7119e183bb40a34591c035f39b0ae41954191220ac66b13d&scene=123#wechat_redirect
中美贸易战刚暂缓美国立刻调头扑向欧洲,2019年7月2日,http://mp.weixin.qq.com/s?__biz=MzA4OTk1MjA0MA==&mid=2674321689&idx=1&sn=470669040eb271fa8fe05be6ad366881&chksm=8a81535ebdf6da48addd0b1b605dd63cffacf198f7b02598cec26e516d811b3435055e981147&scene=123#wechat_redirect
日本突袭韩国这对爱人（冤家）要打贸易战？,2019年7月3日,http://mp.weixin.qq.com/s?__biz=MzA4OTk1MjA0MA==&mid=2674321700&idx=1&sn=ada331495bbb8a582deb75f329c35d5c&chksm=8a815363bdf6da75f274b762065e93d8a48f08afb317995cfc7968068e141ddad6830dea7179&scene=123#wechat_redirect
韩国与日本的洞房花烛夜！地球上最不情愿的基友,2019年7月4日,http://mp.weixin.qq.com/s?__biz=MzA4OTk1MjA0MA==&mid=2674321704&idx=2&sn=bffde6ad17901ad4eb516f7f4f3a5a58&chksm=8a81536fbdf6da791875ffd971fb8baa49b993aa6f5e31366e16aee105d8c8a2ce6d106c8009&scene=123#wechat_redirect
教育部通知：60天后中小学教育又有大变动！2006-2014出生的孩子影响最大,2019年7月4日,http://mp.weixin.qq.com/s?__biz=MzA4OTk1MjA0MA==&mid=2674321704&idx=1&sn=c5fd7ae8a6cadf1867b0af93f16c693d&chksm=8a81536fbdf6da7974d330a9d58af8e9b80e2ed0cabb1fb99cc2e07dac266f29189ab0b3dd16&scene=123#wechat_redirect
